Item_ID	Display_Number	TFDV_Anomaly_Constant	Canonical_Label
AIPF-000140	140	ENUM_TYPE_INVALID_UTF8	Invalid UTF-8 in Categorical Data — ENUM_TYPE_INVALID_UTF8
AIPF-000141	141	FEATURE_MISSING_NAME	Missing Feature Name in Schema — FEATURE_MISSING_NAME
AIPF-000142	142	FEATURE_MISSING_TYPE	Missing Feature Type in Schema — FEATURE_MISSING_TYPE
AIPF-000143	143	DOMAIN_INVALID_FOR_TYPE	Domain Invalid for Type — DOMAIN_INVALID_FOR_TYPE
AIPF-000144	144	SPARSE_FEATURE_MISSING_VALUE	Sparse Feature Missing Value — SPARSE_FEATURE_MISSING_VALUE
AIPF-000145	145	SPARSE_FEATURE_MISSING_INDEX	Sparse Feature Missing Index — SPARSE_FEATURE_MISSING_INDEX
AIPF-000146	146	SPARSE_FEATURE_LENGTH_MISMATCH	Sparse Feature Length Mismatch — SPARSE_FEATURE_LENGTH_MISMATCH
AIPF-000147	147	SPARSE_FEATURE_NAME_COLLISION	Sparse Feature Name Collision — SPARSE_FEATURE_NAME_COLLISION
AIPF-000148	148	WEIGHTED_FEATURE_MISSING_VALUE	Weighted Feature Missing Value — WEIGHTED_FEATURE_MISSING_VALUE
AIPF-000149	149	WEIGHTED_FEATURE_MISSING_WEIGHT	Weighted Feature Missing Weight — WEIGHTED_FEATURE_MISSING_WEIGHT
AIPF-000150	150	WEIGHTED_FEATURE_LENGTH_MISMATCH	Weighted Feature Length Mismatch — WEIGHTED_FEATURE_LENGTH_MISMATCH
AIPF-000151	151	VALUE_NESTEDNESS_MISMATCH	Value Nestedness Mismatch — VALUE_NESTEDNESS_MISMATCH
AIPF-000152	152	WEIGHTED_FEATURE_NAME_COLLISION	Weighted Feature Name Collision — WEIGHTED_FEATURE_NAME_COLLISION
AIPF-000181	181	FEATURE_TYPE_HIGH_NUMBER_VALUES	Feature Value Count Above Maximum — FEATURE_TYPE_HIGH_NUMBER_VALUES
AIPF-000182	182	FEATURE_TYPE_LOW_NUMBER_VALUES	Feature Value Count Below Minimum — FEATURE_TYPE_LOW_NUMBER_VALUES
AIPF-000183	183	FEATURE_TYPE_LOW_FRACTION_PRESENT	Feature Presence Fraction Below Minimum — FEATURE_TYPE_LOW_FRACTION_PRESENT
AIPF-000184	184	FEATURE_TYPE_LOW_NUMBER_PRESENT	Feature Presence Count Below Minimum — FEATURE_TYPE_LOW_NUMBER_PRESENT
AIPF-000185	185	FEATURE_TYPE_HIGH_UNIQUE	Feature Cardinality Above Maximum — FEATURE_TYPE_HIGH_UNIQUE
AIPF-000186	186	FEATURE_TYPE_LOW_UNIQUE	Feature Cardinality Below Minimum — FEATURE_TYPE_LOW_UNIQUE
AIPF-000187	187	DATASET_LOW_NUM_EXAMPLES	Dataset Example Count Below Minimum — DATASET_LOW_NUM_EXAMPLES
AIPF-000188	188	DATASET_HIGH_NUM_EXAMPLES	Dataset Example Count Above Maximum — DATASET_HIGH_NUM_EXAMPLES
AIPF-000189	189	SEQUENCE_VALUE_TOO_FEW_OCCURRENCES	Sequence Value Occurrence Count Below Minimum — SEQUENCE_VALUE_TOO_FEW_OCCURRENCES
AIPF-000190	190	SEQUENCE_VALUE_TOO_MANY_OCCURRENCES	Sequence Value Occurrence Count Above Maximum — SEQUENCE_VALUE_TOO_MANY_OCCURRENCES
AIPF-000191	191	SEQUENCE_VALUE_TOO_SMALL_FRACTION	Sequence Value Fraction Below Minimum — SEQUENCE_VALUE_TOO_SMALL_FRACTION
AIPF-000192	192	SEQUENCE_VALUE_TOO_LARGE_FRACTION	Sequence Value Fraction Above Maximum — SEQUENCE_VALUE_TOO_LARGE_FRACTION
AIPF-000193	193	FEATURE_COVERAGE_TOO_LOW	Natural Language Feature Coverage Below Minimum — FEATURE_COVERAGE_TOO_LOW
AIPF-000194	194	FEATURE_COVERAGE_TOO_SHORT_AVG_TOKEN_LENGTH	Average Token Length Below Minimum — FEATURE_COVERAGE_TOO_SHORT_AVG_TOKEN_LENGTH
AIPF-000195	195	LOW_SUPPORTED_IMAGE_FRACTION	Supported Image Fraction Below Minimum — LOW_SUPPORTED_IMAGE_FRACTION
AIPF-000196	196	MAX_IMAGE_BYTE_SIZE_EXCEEDED	Maximum Image Byte Size Exceeded — MAX_IMAGE_BYTE_SIZE_EXCEEDED
AIPF-000197	197	DERIVED_FEATURE_BAD_LIFECYCLE	Derived Feature Lifecycle Mismatch — DERIVED_FEATURE_BAD_LIFECYCLE
AIPF-000198	198	DERIVED_FEATURE_INVALID_SOURCE	Derived Feature Invalid Source — DERIVED_FEATURE_INVALID_SOURCE
AIPF-000205	205	FEATURE_TYPE_NO_UNIQUE	Feature Unique Statistics Unavailable — FEATURE_TYPE_NO_UNIQUE
AIPF-000216	216	BOOL_TYPE_BIG_INT	Boolean Value Above Allowed Range — BOOL_TYPE_BIG_INT
AIPF-000217	217	BOOL_TYPE_SMALL_INT	Boolean Value Below Allowed Range — BOOL_TYPE_SMALL_INT
AIPF-000218	218	BOOL_TYPE_UNEXPECTED_STRING	Unexpected Boolean String Value — BOOL_TYPE_UNEXPECTED_STRING
AIPF-000219	219	BOOL_TYPE_UNEXPECTED_FLOAT	Unexpected Boolean Float Value — BOOL_TYPE_UNEXPECTED_FLOAT
AIPF-000220	220	BOOL_TYPE_INVALID_CONFIG	Invalid Boolean Domain Configuration — BOOL_TYPE_INVALID_CONFIG
AIPF-000221	221	ENUM_TYPE_UNEXPECTED_STRING_VALUES	Unexpected Categorical String Value — ENUM_TYPE_UNEXPECTED_STRING_VALUES
AIPF-000222	222	FEATURE_TYPE_NOT_PRESENT	Required Feature Not Present — FEATURE_TYPE_NOT_PRESENT
AIPF-000223	223	FLOAT_TYPE_BIG_FLOAT	Float Value Above Maximum — FLOAT_TYPE_BIG_FLOAT
AIPF-000224	224	FLOAT_TYPE_SMALL_FLOAT	Float Value Below Minimum — FLOAT_TYPE_SMALL_FLOAT
AIPF-000225	225	FLOAT_TYPE_STRING_NOT_FLOAT	Non-convertible String in Float Domain — FLOAT_TYPE_STRING_NOT_FLOAT
AIPF-000226	226	FLOAT_TYPE_HAS_NAN	Disallowed NaN in Float Domain — FLOAT_TYPE_HAS_NAN
AIPF-000227	227	FLOAT_TYPE_HAS_INF	Disallowed Infinity in Float Domain — FLOAT_TYPE_HAS_INF
AIPF-000228	228	INT_TYPE_BIG_INT	Integer Value Above Maximum — INT_TYPE_BIG_INT
AIPF-000229	229	INT_TYPE_NOT_INT_STRING	Non-convertible String in Integer Domain — INT_TYPE_NOT_INT_STRING
AIPF-000230	230	INT_TYPE_SMALL_INT	Integer Value Below Minimum — INT_TYPE_SMALL_INT
AIPF-000231	231	COMPARATOR_CONTROL_DATA_MISSING	Comparator Control Feature Missing — COMPARATOR_CONTROL_DATA_MISSING
AIPF-000238	238	COMPARATOR_L_INFTY_HIGH	Comparator L-Infinity Distance Above Threshold — COMPARATOR_L_INFTY_HIGH
AIPF-000239	239	COMPARATOR_JENSEN_SHANNON_DIVERGENCE_HIGH	Comparator Jensen–Shannon Divergence Above Threshold — COMPARATOR_JENSEN_SHANNON_DIVERGENCE_HIGH
AIPF-000240	240	COMPARATOR_NORMALIZED_ABSOLUTE_DIFFERENCE_HIGH	Comparator Normalized Absolute Difference Above Threshold — COMPARATOR_NORMALIZED_ABSOLUTE_DIFFERENCE_HIGH
AIPF-000241	241	COMPARATOR_LOW_NUM_EXAMPLES	Comparator Example Count Below Control — COMPARATOR_LOW_NUM_EXAMPLES
AIPF-000242	242	COMPARATOR_HIGH_NUM_EXAMPLES	Comparator Example Count Above Control — COMPARATOR_HIGH_NUM_EXAMPLES
AIPF-000243	243	STATS_NOT_AVAILABLE	Required Validation Statistics Unavailable — STATS_NOT_AVAILABLE
